{
	"rtxData": {
		"overlay": "0x7C20B5",
		"overlayAlpha": 0.0309278350515464,
		"inner": "0xC59BCD",
		"innerAlpha": 0.45360824742268,
		"innerAngle": 241.237113402062,
		"satinAlpha": 0.494845360824742,
		"innerDistance": 16.0824742268041,
		"satin": "0x812AA0"
	},
	"character_Positions": [
		[
			983,
			761
		],
		[
			-89,
			737
		],
		[
			493,
			655
		]
	],
	"objects": [
		{
			"is_Animated": false,
			"position": [
				-1032,
				-765
			],
			"scroll_Factor": [
				0.95,
				0.95
			],
			"antialiased": true,
			"scale": 0.85,
			"file_Name": "Voiid Shaggy Spook"
		}
	],
	"camera_Zoom": 0.6
}